"","sound.files","selec","duration","meanfreq","sd","freq.median","freq.Q25","freq.Q75","freq.IQR","time.median","time.Q25","time.Q75","time.IQR","skew","kurt","sp.ent","time.ent","entropy","sfm","meandom","mindom","maxdom","dfrange","modindx","startdom","enddom","dfslope","meanpeakf","class"
"1","Track70.wav",0,1,1.90487832167417,2.36751977315235,1.31005954816128,0.620028183099232,2.10309559525433,1.4830674121551,0.470588235294118,0.376470588235294,0.558823529411765,0.182352941176471,7.09801447317614,76.6170498350841,0.802893504953087,0.856980788091941,0.688064308628597,0.0622062509898933,0.658108520507813,0.04306640625,1.59345703125,1.550390625,6.66666666666667,0.04306640625,0.04306640625,0,0.302482160433071,"Banana"
"2","Track71.wav",0,1,2.12931120722263,2.96594698604334,1.30447435431066,0.526191342306293,2.07875591124045,1.55256456893416,0.124971655328798,0.071412374473599,0.20233506100853,0.130922686534931,12.9942441317336,234.553028007073,0.77277264954722,0.858764508027748,0.663629724205718,0.0742760426849782,0.614841672207447,0.04306640625,10.63740234375,10.5943359375,1.95121951219512,0.30146484375,10.63740234375,10.3359375,0.302482160433071,"Banana"
"3","Track72.wav",0,1,1.75329276805052,2.4283336322402,1.20037629350894,0.532925682031985,1.73157729695829,1.19865161492631,0.1374988895902,0.0896731888631741,0.215215653271618,0.125542464408444,12.6408636774318,229.393717379802,0.760009589424905,0.856267206175886,0.650771287803746,0.0605472244535087,0.48603515625,0.04306640625,1.50732421875,1.4642578125,4.88235294117647,0.64599609375,0.04306640625,-0.6029296875,0.302482160433071,"Banana"
"4","Track73.wav",0,1,1.65862392969255,2.6293892915021,1.07821341956346,0.442400970088925,1.56952303961196,1.12712206952304,0.113971277399849,0.0539863945578231,0.18595313681028,0.131966742252457,13.5659850334985,271.683912792961,0.752165583868917,0.861592441293237,0.648060181662373,0.0632837870707481,0.290230129076087,0.04306640625,0.64599609375,0.6029296875,3,0.30146484375,0.04306640625,-0.2583984375,0.302482160433071,"Banana"
"5","Track74.wav",0,1,1.82169087074819,2.49802741135552,1.22188024622272,0.537073307218803,1.86052042529379,1.32344711807499,0.16098108968358,0.0834716761322266,0.262339553558426,0.1788678774262,13.5237545046571,279.5101674229,0.779531457868623,0.856012645403786,0.66728878542559,0.066493344386793,0.525974961577869,0.04306640625,1.59345703125,1.550390625,10.7222222222222,0.64599609375,0.04306640625,-0.6029296875,0.302482160433071,"Banana"
"6","Track75.wav",0,1,1.82246617212437,2.41184524640662,1.24028188224596,0.556376449192998,1.9029324846556,1.3465560354626,0.325879734609893,0.219228185101201,0.420681111950953,0.201452926849752,8.28447913245871,97.5573049429762,0.794985794376334,0.855647318613429,0.680227463293877,0.0666417599294277,0.628500366210938,0.04306640625,1.59345703125,1.550390625,10.1666666666667,0.64599609375,0.04306640625,-0.6029296875,0.302482160433071,"Banana"
"7","Track76.wav",0,1,1.62214963515627,2.14258884728703,1.20932120818448,0.526956804157194,1.72020136407925,1.19324455992205,0.178687219568679,0.0714748878274714,0.279943310657596,0.208468422830125,8.26542854220475,100.782251833261,0.773937743663105,0.858277490098252,0.664253344123475,0.054730063357839,0.601583862304688,0.12919921875,1.50732421875,1.378125,12.125,0.47373046875,0.81826171875,0.34453125,0.302482160433071,"Banana"
"8","Track77.wav",0,1,1.64642297664089,2.31105482379003,1.1002532228361,0.481123388581952,1.64341620626151,1.16229281767956,0.265260432531221,0.159156259518733,0.377259281822182,0.218103022303449,9.22014703139993,122.243608593876,0.783801791171324,0.855837265476194,0.670806781631409,0.0537585719170782,0.469815340909091,0.04306640625,1.42119140625,1.378125,10.5,0.04306640625,0.21533203125,0.172265625,0.302482160433071,"Banana"
"9","Track78.wav",0,1,1.5266052896077,1.91739871936044,1.15030756886868,0.488365873228136,1.69015779620219,1.20179192297406,0.248306418219462,0.141889381839692,0.348811397022577,0.206922015182885,9.04063180959264,122.177838082882,0.774602964136431,0.856198264886799,0.663213713869783,0.0567552673805527,0.520834350585938,0.04306640625,1.42119140625,1.378125,10,0.04306640625,0.04306640625,0,0.302482160433071,"Banana"
"10","Track79.wav",0,1,1.5949215398693,2.06833391549391,1.14561105722599,0.434772065955383,1.71241513094083,1.27764306498545,0.242089381684432,0.135806238505901,0.354277143928438,0.218470905422536,10.1765681321309,156.122759365269,0.779657922574043,0.855987787904287,0.667377660466207,0.0579729973395439,0.448553185096154,0.12919921875,1.50732421875,1.378125,10,0.55986328125,0.21533203125,-0.34453125,0.302482160433071,"Banana"
"11","Track80.wav",0,1,1.71399460885723,2.42117393431323,1.1990225051148,0.491361673107524,1.75039781768584,1.25903614457831,0.28440413202318,0.213303099017385,0.391055681531872,0.177752582514487,11.9633114475314,228.081140851548,0.782340907932824,0.85579566471878,0.669523957341065,0.0666871623177022,0.433877973414179,0.04306640625,1.59345703125,1.550390625,6.22222222222222,0.04306640625,0.04306640625,0,0.302482160433071,"Banana"
"12","Track81.wav",0,1,1.73058872075924,2.32288985830806,1.23189626136746,0.520545638262041,1.76355675311553,1.24301111485349,0.172051780419127,0.071193840173432,0.26697690065037,0.195783060476938,11.3181737534008,188.49017039495,0.773746366328372,0.858989510894109,0.664640012768502,0.0541029013412084,0.52978515625,0.04306640625,1.59345703125,1.550390625,8.55555555555555,1.24892578125,0.04306640625,-1.205859375,0.302482160433071,"Banana"
"13","Track82.wav",0,1,1.70349010842607,2.54493240723741,1.09068261086198,0.42887394120578,1.62506228201295,1.19618834080717,0.320438028870085,0.219559390151725,0.433184742731781,0.213625352580056,9.53658185497564,134.330335621779,0.784803613270345,0.856044696548177,0.671826970971925,0.0744245074213576,0.420223721590909,0.04306640625,1.59345703125,1.550390625,7.38888888888889,0.12919921875,0.04306640625,-0.0861328125,0.302482160433071,"Banana"
"14","Track83.wav",0,1,1.75871490006383,2.3200006989521,1.25142736307888,0.517551279340241,1.87714104461831,1.35958976527807,0.365157332339328,0.259143913273072,0.465281117013015,0.206137203739943,8.91001395853786,119.337638263866,0.790853748071524,0.856151713442084,0.67709079149353,0.0619027072069116,0.504130284926471,0.12919921875,1.50732421875,1.378125,12.3125,0.55986328125,0.30146484375,-0.2583984375,0.302482160433071,"Banana"
"15","Track84.wav",0,1,1.64850960282477,2.17037977296686,1.20353717026379,0.441846522781774,1.74320543565148,1.3013589128697,0.218609123303001,0.106350384309568,0.319051152928704,0.212700768619136,8.89297549927857,112.608364533828,0.783561912692276,0.856237845880281,0.670915364237467,0.0551840153912799,0.720383522727273,0.04306640625,1.76572265625,1.72265625,8.9,0.55986328125,0.04306640625,-0.516796875,0.302482160433071,"Banana"
"16","Track85.wav",0,1,1.73370907430247,2.41564346398288,1.14295266113934,0.466301150040118,1.78871355977534,1.32241240973522,0.171449669722962,0.0591205757665385,0.266042590949423,0.206922015182885,13.9477976909499,293.760984876816,0.776125401238917,0.855809197006895,0.664215256410931,0.0693510168813365,0.479378522028689,0.04306640625,1.50732421875,1.4642578125,8.17647058823529,0.64599609375,0.04306640625,-0.6029296875,0.302482160433071,"Banana"
"17","Track86.wav",0,1,1.71079158559014,2.32307157441377,1.20028715003589,0.518545106484805,1.72409667384542,1.20555156736061,0.344323625283447,0.225591340702948,0.439309452947846,0.213718112244898,8.75751081165322,114.224676302865,0.784752086263196,0.855891137902774,0.671662356083382,0.0529966546584673,0.534530101102941,0.04306640625,1.50732421875,1.4642578125,6.58823529411765,0.04306640625,0.04306640625,0,0.302482160433071,"Banana"
"18","Track87.wav",0,1,1.84718612616412,2.46856153183386,1.27869255345294,0.598795772917179,1.82612435487835,1.22732858196117,0.343307392290249,0.242682811791383,0.438012879818594,0.195330068027211,8.10093714116867,99.7406433752317,0.788864411294655,0.855754179718004,0.675074017196184,0.0658092033447829,0.618168569711538,0.04306640625,1.59345703125,1.550390625,12.9444444444444,0.30146484375,0.04306640625,-0.2583984375,0.302482160433071,"Banana"
"19","Track88.wav",0,1,1.82287315103538,2.4977608111346,1.2047213622291,0.521478328173375,1.93053405572755,1.40905572755418,0.114459561602419,0.0783144368858655,0.186749811035525,0.10843537414966,9.27956557836688,134.882236004618,0.785418840443464,0.85925706971644,0.674876691339535,0.0576235826461387,0.391603833575581,0.04306640625,1.50732421875,1.4642578125,1.82352941176471,0.30146484375,0.04306640625,-0.2583984375,0.302482160433071,"Banana"
"20","Track89.wav",0,1,1.9055505046861,2.40452322988465,1.35039601056028,0.625990026400704,2.26034027574069,1.63435024933998,0.154971655328798,0.0715253793825222,0.220536586429444,0.149011207046921,9.8165223431969,172.586586529554,0.79551820907067,0.855908712743906,0.680890966290014,0.0646536366439268,0.77998046875,0.04306640625,1.67958984375,1.6365234375,11.5263157894737,0.12919921875,0.04306640625,-0.0861328125,0.302482160433071,"Banana"
"21","Track90.wav",0,1,1.88984671683811,2.4472859424054,1.2633283507723,0.583707025411061,2.199177877429,1.61547085201794,0.160219014435042,0.0652744132883506,0.225493427723393,0.160219014435042,9.18580133488655,137.656445830911,0.799683740347722,0.855212559029314,0.683899577996909,0.0825098811211518,0.609976917613636,0.12919921875,4.09130859375,3.962109375,2.93478260869565,4.09130859375,0.90439453125,-3.1869140625,0.302482160433071,"Banana"
"22","Track106.wav",0,1,1.85391480235611,2.44708581989275,1.29404410093203,0.640145487610821,1.70413730393271,1.06399181632189,0.254778701604098,0.183677668598304,0.308104476358445,0.124426807760141,6.12922261225865,47.078863127799,0.789236917437734,0.854925447067621,0.674738724482726,0.0875642079803227,1.26458629261364,0.04306640625,5.64169921875,5.5986328125,3.43076923076923,5.64169921875,0.04306640625,-5.5986328125,0.648369832677165,"Chair"
"23","Track107.wav",0,1,1.59190012458159,2.14710206969849,1.22670708359923,0.628270580727505,1.5899808551372,0.9617102744097,0.178089569160998,0.106853741496599,0.243389077853364,0.136535336356765,6.99619234380531,64.8897948134023,0.757191001510217,0.85722996045781,0.649086812283613,0.0514660263537716,1.11455859375,0.21533203125,4.86650390625,4.651171875,3.88888888888889,3.40224609375,0.30146484375,-3.10078125,0.648369832677165,"Chair"
"24","Track108.wav",0,1,1.41979540396952,1.86639283583529,1.19140140553948,0.613890037205457,1.45059942124845,0.836709384042993,0.0964135060416861,0.048206753020843,0.150646103190134,0.102439350169291,7.28232526291419,68.8375826482756,0.73238808525863,0.860969196646844,0.630563581398842,0.0379331432152041,0.699538112331081,0.04306640625,1.76572265625,1.72265625,3.95,0.30146484375,0.04306640625,-0.2583984375,0.648369832677165,"Chair"
"25","Track109.wav",0,1,1.33296901637971,1.5990919340618,1.18928932300438,0.594644661502189,1.44122600202088,0.846581340518693,0.136454860332411,0.0771266601878847,0.195783060476938,0.118656400289053,7.46461176722959,71.8093647376483,0.734435752351569,0.857180483263915,0.629543993127014,0.0348662585892588,0.845750914228723,0.04306640625,4.43583984375,4.3927734375,2.52941176470588,4.43583984375,0.04306640625,-4.3927734375,0.648369832677165,"Chair"
"26","Track110.wav",0,1,1.50110901970143,2.27677514274601,1.08962264150943,0.466981132075472,1.42318059299191,0.956199460916442,0.0245351473922902,0.0122675736961451,0.0552040816326531,0.0429365079365079,12.0265865608302,226.839571740215,0.732916612302812,0.870951809098049,0.638335049403148,0.0803897363703908,0.53294677734375,0.04306640625,1.33505859375,1.2919921875,3.93333333333333,0.64599609375,0.04306640625,-0.6029296875,0.648369832677165,"Chair"
"27","Track111.wav",0,1,1.28398273613439,1.70354537237019,1.16042197162605,0.574208803201164,1.41851582393598,0.844307020734813,0.0654613432674657,0.0297551560306662,0.101167530504265,0.071412374473599,7.64918805062277,75.0156447913114,0.72276684976474,0.854778330232549,0.617805440989345,0.0339544736283114,0.738754507211538,0.04306640625,1.42119140625,1.378125,4.5,0.55986328125,0.04306640625,-0.516796875,0.648369832677165,"Chair"
"28","Track112.wav",0,1,1.27746423450028,1.59267345840715,1.17710005350455,0.573836276083467,1.41546281433922,0.841626538255752,0.0667634434726272,0.0303470197602851,0.103179867184969,0.0728328474246842,6.65037927670386,55.2244237487264,0.714791180230527,0.867300584161196,0.619938808167207,0.0285366312008032,0.716748046875,0.04306640625,1.67958984375,1.6365234375,3.94736842105263,0.55986328125,0.30146484375,-0.2583984375,0.648369832677165,"Chair"
"29","Track113.wav",0,1,1.27487768538097,1.49672850128954,1.142683912692,0.575788197251415,1.40723524656427,0.831447049312854,0.149962207105064,0.0899773242630385,0.203948601662887,0.113971277399849,7.27517100328665,73.2974816361997,0.732963463463058,0.861905662723567,0.631745359728288,0.0243180067628918,1.04794921875,0.04306640625,5.21103515625,5.16796875,2.7,4.34970703125,0.04306640625,-4.306640625,0.561897914616142,"Chair"
"30","Track114.wav",0,1,1.50132987730248,1.82943340050236,1.18887895050686,0.58706022659511,1.66279069767442,1.07573047107931,0.171715650661559,0.118424586663144,0.230927943993131,0.112503357329987,5.91877184121405,48.0354520784195,0.77387594031049,0.855747534588778,0.662242427998275,0.0411215721203797,0.952042470079787,0.04306640625,3.31611328125,3.273046875,2.23684210526316,3.14384765625,0.64599609375,-2.4978515625,0.561897914616142,"Chair"
"31","Track115.wav",0,1,1.61340404846204,1.96766658098981,1.26246472248354,0.619159611163374,1.76607086861085,1.14691125744748,0.161411739953713,0.107607826635809,0.215215653271618,0.107607826635809,6.7578330694934,69.1041882291745,0.780723258481556,0.85639895375995,0.668610581739664,0.0549545538103933,1.13587646484375,0.04306640625,5.46943359375,5.4263671875,2.49206349206349,4.09130859375,0.04306640625,-4.0482421875,0.648369832677165,"Chair"
"32","Track116.wav",0,1,1.60732743824394,1.90235814231686,1.22182526794414,0.573400454693082,1.82737901916207,1.25397856446898,0.172730978916389,0.119124813045786,0.238249626091571,0.119124813045786,7.1614593626351,75.5569152878081,0.783873374765569,0.857081672481554,0.671843503057833,0.0512043257314391,1.00910500919118,0.04306640625,5.03876953125,4.995703125,2.60344827586207,4.26357421875,0.04306640625,-4.2205078125,0.648369832677165,"Chair"
"33","Track117.wav",0,1,1.93105693919617,2.27113608766926,1.30567964262923,0.579132099553287,2.23404594767071,1.65491384811742,0.225580120937264,0.172153250188964,0.296815948601663,0.124662698412698,8.23056769716727,99.0224763059689,0.806474182661937,0.857042550848176,0.691182690701785,0.0627519049550313,1.16279296875,0.04306640625,4.69423828125,4.651171875,3.11111111111111,4.34970703125,0.04306640625,-4.306640625,0.561897914616142,"Chair"
"34","Track118.wav",0,1,1.57604506781576,1.89981225197318,1.22290274684484,0.579806978470676,1.73942093541203,1.15961395694135,0.191175266854709,0.131432995962613,0.256891764836016,0.125458768873403,7.77182571451044,91.2095215719185,0.767979571590772,0.860083053867512,0.660526215241655,0.0447319628506664,1.39190625,0.04306640625,11.06806640625,11.025,2.609375,4.52197265625,0.21533203125,-4.306640625,0.561897914616142,"Chair"
"35","Track119.wav",0,1,1.80523505363762,2.07525775353693,1.28698845750262,0.64253235396992,1.98723329835607,1.34470094438615,0.197198373602314,0.143416998983501,0.256955456512107,0.113538457528605,7.41835143290643,87.0946892747912,0.788869945040932,0.858144549203227,0.676964443367125,0.0503149753750124,1.13178515625,0.04306640625,4.43583984375,4.3927734375,3.54901960784314,3.40224609375,0.04306640625,-3.3591796875,0.561897914616142,"Chair"
"36","Track120.wav",0,1,2.04014723303886,2.36125576678805,1.40761729045862,0.608856088560886,2.33684765419083,1.72799156562994,0.285470326061459,0.237891938384549,0.338996012197983,0.101104073813433,5.22892941182109,38.5834055696557,0.826248408221819,0.854705851613594,0.706199349393606,0.0756243449558715,1.14909002130682,0.04306640625,4.26357421875,4.2205078125,2.71428571428571,4.26357421875,0.04306640625,-4.2205078125,0.648369832677165,"Chair"
"37","Track121.wav",0,1,1.98242602522767,2.44832246885466,1.26923076923077,0.605554190218727,2.09105431309904,1.48550012288031,0.266359183673469,0.213087346938776,0.319631020408163,0.106543673469388,5.53498946145434,44.62432271991,0.824164740384648,0.854688029237872,0.704403737726697,0.0690717531759798,1.17215523097826,0.04306640625,4.69423828125,4.651171875,2.44444444444444,4.34970703125,0.55986328125,-3.78984375,0.648369832677165,"Chair"
"38","Track54.wav",0,1,1.92363537497595,2.52164973845678,1.28342725409836,0.664959016393443,1.94979508196721,1.28483606557377,0.278038926681784,0.230713151927438,0.331280423280423,0.100567271352986,9.86175720620721,125.735969259741,0.780100629403211,0.855026935808713,0.667007050781075,0.0942264031225562,0.681462545955882,0.04306640625,1.33505859375,1.2919921875,3.06666666666667,0.04306640625,0.04306640625,0,1.34014517716535,"Goodbye"
"39","Track55.wav",0,1,1.75178996792167,2.30589101718579,1.1903091712133,0.670174071187321,1.63899714211484,0.968823070927514,0.278768400015373,0.237249702140743,0.332149582997041,0.0948998808562973,7.81795357348905,73.7292784860377,0.770833889192862,0.854985063290511,0.65905146153803,0.0859322166771145,0.67700390625,0.04306640625,1.67958984375,1.6365234375,4.68421052631579,0.99052734375,0.04306640625,-0.9474609375,0.302482160433071,"Goodbye"
"40","Track56.wav",0,1,1.76437909503191,2.29256355360285,1.14467005076142,0.649111675126903,1.62859560067682,0.979483925549915,0.185090073066264,0.143295540438398,0.232855253212396,0.0895597127739985,9.93271182028482,139.794210657258,0.760562814165098,0.862505038666332,0.655989259439642,0.0663368494380554,0.7062890625,0.04306640625,1.33505859375,1.2919921875,4,0.38759765625,0.38759765625,0,1.25367325910433,"Goodbye"
"41","Track57.wav",0,1,2.13481765648307,2.7801559187479,1.24948524365134,0.577556623198353,2.44989704873027,1.87234042553191,0.0893067339295269,0.0476302580957477,0.142890774287243,0.0952605161914953,7.32052485593334,72.7129682322029,0.808102636969312,0.855983399791706,0.691722442573635,0.107898510921019,0.791759314903846,0.04306640625,1.42119140625,1.378125,3.125,0.55986328125,0.04306640625,-0.516796875,1.34014517716535,"Goodbye"
"42","Track58.wav",0,1,2.38603918921207,2.98228895012996,1.44806127333652,0.484442316898037,3.02249880325515,2.53805648635711,0.042209624590577,0.0180898391102473,0.0663294100709067,0.0482395709606594,11.6150885285595,188.638323918488,0.806154022392002,0.85761453401341,0.691369406256753,0.132162292010302,0.48330078125,0.21533203125,0.73212890625,0.516796875,2,0.73212890625,0.38759765625,-0.34453125,0.648369832677165,"Goodbye"
"43","Track59.wav",0,1,2.15018986450422,2.61639512634734,1.36457806973219,0.64754926730672,2.61243052046488,1.96488125315816,0.0670975056689342,0.0304988662131519,0.115895691609977,0.0853968253968254,9.35578661092543,111.020032254841,0.78244245991109,0.867178453799116,0.678517242572475,0.118512626536468,0.813728412828947,0.04306640625,4.09130859375,4.0482421875,1.68085106382979,1.24892578125,4.09130859375,2.8423828125,1.25367325910433,"Goodbye"
"44","Track60.wav",0,1,1.92225723146768,2.4293439295902,1.17603071948262,0.580234438156831,2.3142683912692,1.73403395311237,0.113971277399849,0.0719818594104308,0.167957671957672,0.0959758125472411,9.33303533879818,129.466072485182,0.780173203282209,0.859918583769523,0.670885436061369,0.0941376157679908,0.763048377403846,0.04306640625,1.42119140625,1.378125,3.125,0.38759765625,0.04306640625,-0.34453125,0.648369832677165,"Goodbye"
"45","Track61.wav",0,1,2.03300961718867,2.63791586419514,1.22350472193075,0.654074851346625,2.1776845050717,1.52360965372508,0.197198373602314,0.149392707274481,0.250979748221128,0.101587040946647,10.4742886408506,151.847703898885,0.779544206518777,0.85735277160486,0.668344386047385,0.0698360684116228,0.744147438226744,0.04306640625,1.50732421875,1.4642578125,4.88235294117647,0.30146484375,0.04306640625,-0.2583984375,0.648369832677165,"Goodbye"
"46","Track62.wav",0,1,1.81873889637673,2.43510273147134,1.0793487826342,0.622763273687298,2.08609562921678,1.46333235552948,0.202655241583813,0.154971655328798,0.262259724402582,0.107288069073783,7.4378908631501,77.3425361068201,0.790966784662425,0.855105453532989,0.676360011128293,0.0772082957342826,0.671444424715909,0.04306640625,1.24892578125,1.205859375,2.85714285714286,0.38759765625,0.04306640625,-0.34453125,0.648369832677165,"Goodbye"
"47","Track63.wav",0,1,1.86991068293994,2.55727290844401,1.00040420371867,0.546887631366209,2.16087308003234,1.61398544866613,0.0719818594104308,0.0359909297052154,0.125968253968254,0.0899773242630386,6.88662132083413,62.9020407561259,0.796725332251116,0.858505316465865,0.683992933500616,0.0765796157519085,0.75904541015625,0.04306640625,1.24892578125,1.205859375,2.14285714285714,1.24892578125,0.04306640625,-1.205859375,0.907785586860236,"Goodbye"
"48","Track64.wav",0,1,1.99451415654244,2.55865577530477,1.16244144392395,0.628961146321301,2.48401763571232,1.85505648939102,0.196182509039652,0.15456803742518,0.243741905170477,0.0891738677452963,9.07694344884537,110.629122005781,0.794467751440917,0.85461062379904,0.678960580647143,0.0972048925727767,0.606674592391304,0.04306640625,1.33505859375,1.2919921875,3.53333333333333,0.30146484375,0.04306640625,-0.2583984375,0.648369832677165,"Goodbye"
"49","Track65.wav",0,1,1.70944621647491,2.19158084078117,1.07151664611591,0.61035758323058,1.57845252774353,0.968094944512947,0.36942394466204,0.327714789619552,0.417091550424884,0.0893767608053322,7.52057688147292,69.2926882642244,0.772307062084177,0.856263354587665,0.661298235751941,0.0721546499931236,0.569996553308823,0.04306640625,1.50732421875,1.4642578125,4.47058823529412,0.04306640625,0.04306640625,0,0.302482160433071,"Goodbye"
"50","Track66.wav",0,1,1.76589462800531,2.09892299347722,1.12589158345221,0.666904422253923,1.86733238231098,1.20042796005706,0.239946645324797,0.197955982392957,0.287935974389756,0.0899799919967987,7.38024174110571,67.9996498930389,0.770725865734159,0.858611418846984,0.661754029120076,0.0460988901270881,0.57216796875,0.04306640625,1.33505859375,1.2919921875,4.8,0.04306640625,0.04306640625,0,0.302482160433071,"Goodbye"
"51","Track67.wav",0,1,1.7277339928984,2.18892362379191,1.05971983288277,0.63393954288523,1.7206930449742,1.08675350208897,0.23084462585034,0.189410975056689,0.278197369614512,0.0887863945578231,7.6313826332972,74.7966276848277,0.777570107598645,0.85489855305442,0.664743559884451,0.0598669778875025,0.63720703125,0.04306640625,3.14384765625,3.10078125,3.61111111111111,0.04306640625,0.04306640625,0,0.302482160433071,"Goodbye"
"52","Track68.wav",0,1,1.73511066790818,2.38826185699015,1.1351150705271,0.608389012620638,1.81904231625835,1.21065330363771,0.17922681267629,0.137407223051822,0.227020629389967,0.089613406338145,6.38737893003884,53.2214798107294,0.780253461607448,0.857830247018072,0.669325019707423,0.0642627626485137,0.75427734375,0.04306640625,1.50732421875,1.4642578125,3.70588235294118,0.30146484375,0.04306640625,-0.2583984375,0.216010242372047,"Goodbye"
"53","Track69.wav",0,1,1.58027556434139,2.22298850391708,1.14532293986637,0.639012620638456,1.43522642910171,0.796213808463252,0.232994856479177,0.191175266854709,0.280788673192854,0.089613406338145,7.78257711491611,75.5281195163183,0.753636616812923,0.859289176998766,0.647591788217312,0.0473398107317307,0.64408203125,0.04306640625,1.50732421875,1.4642578125,4.58823529411765,0.04306640625,0.04306640625,0,0.302482160433071,"Goodbye"
"54","Track70.wav",0,1,1.5488583802341,2.11502123302148,1.15804303278689,0.642418032786885,1.4468493852459,0.804431352459016,0.313533257747543,0.266207482993197,0.354943310657596,0.0887358276643991,10.4379632968441,143.02476371147,0.754839027334786,0.854813732054606,0.645246766056517,0.0535048264700621,0.734131994912791,0.04306640625,1.50732421875,1.4642578125,3.17647058823529,0.04306640625,0.04306640625,0,0.302482160433071,"Goodbye"
"55","Track71.wav",0,1,1.48071290461726,2.10565771309738,1.00224971878515,0.584645669291339,1.40335583052119,0.818710161229846,0.299783137497423,0.258636432350718,0.358564144849859,0.0999277124991411,8.24949491430915,86.4929685405565,0.764921245309684,0.856310762764704,0.655010295026063,0.0688291264049519,0.681232244318182,0.04306640625,1.59345703125,1.550390625,5.11111111111111,0.38759765625,0.04306640625,-0.34453125,0.302482160433071,"Goodbye"
"56","Track32.wav",0,1,1.44421326349535,2.32654221638166,0.622336517266716,0.408155767817781,1.20931300514328,0.801157237325496,0.271040384407731,0.223902926249865,0.312285660295864,0.0883827340459994,7.81293934747772,75.481603685654,0.771058236183552,0.856418654982031,0.660348657545135,0.0587348930093924,0.455702670784884,0.04306640625,0.73212890625,0.6890625,4.25,0.73212890625,0.04306640625,-0.6890625,0.475425996555118,"Hello"
"57","Track33.wav",0,1,1.55755333700821,2.49358627403546,0.634572640937563,0.437866235603152,1.55031319458476,1.11244695898161,0.499937011841774,0.464647340417648,0.546989907073941,0.0823425666562921,7.69741197556988,75.3899995821588,0.784831144481209,0.855304609256292,0.671269695362669,0.0699391469218406,0.4543505859375,0.04306640625,0.64599609375,0.6029296875,4.57142857142857,0.04306640625,0.04306640625,0,0.561897914616142,"Hello"
"58","Track34.wav",0,1,1.33019657616215,2.09698785472222,0.61902813764262,0.421019137233511,1.30005909359516,0.879039956361653,0.294117647058824,0.252941176470588,0.341176470588235,0.0882352941176471,6.83780443726751,58.0379732317895,0.773480317880589,0.856321743959663,0.66234801472598,0.0501042379097819,0.44912109375,0.04306640625,0.64599609375,0.6029296875,4.85714285714286,0.55986328125,0.04306640625,-0.516796875,0.475425996555118,"Hello"
"59","Track35.wav",0,1,1.35543906070413,2.12641545978901,0.633894066833371,0.43134803364401,1.24653330302341,0.815185269379404,0.272553959855547,0.225153271185017,0.314029562442261,0.0888762912572437,7.15925586890556,63.6475668879059,0.764375892618253,0.854625190448936,0.65325489280345,0.0479733984372539,0.4552734375,0.04306640625,0.73212890625,0.6890625,4.5,0.04306640625,0.04306640625,0,0.475425996555118,"Hello"
"60","Track36.wav",0,1,1.21572207080252,2.03689571447463,0.598463468171841,0.407024145500157,1.01411100658514,0.60708686108498,0.0956514014540524,0.065760338499661,0.1374988895902,0.0717385510905393,7.24834716814235,62.2804811011997,0.734654734584633,0.854296346595913,0.627612855765043,0.0399197800215978,0.45158203125,0.04306640625,0.73212890625,0.6890625,3.25,0.47373046875,0.30146484375,-0.172265625,0.648369832677165,"Hello"
"61","Track37.wav",0,1,1.33171446187514,2.14065862453885,0.626136746379252,0.431626810373863,1.21151902997642,0.77989221960256,0.201715880491391,0.142387680346864,0.249178440607012,0.106790760260148,7.90611346297591,82.0364018417869,0.751474539731012,0.856889764540072,0.643930841407965,0.0408866655718524,0.460027521306818,0.04306640625,0.64599609375,0.6029296875,3.71428571428571,0.04306640625,0.04306640625,0,0.648369832677165,"Hello"
"62","Track38.wav",0,1,1.34089308629518,2.12423283661321,0.627867935086737,0.460128707330722,1.16955791829882,0.709429210968103,0.19675466516882,0.16098108968358,0.238490503234933,0.0775094135513533,7.64126018671927,76.9121612384901,0.758823022861988,0.854210807420938,0.648194827048535,0.0487566280600017,0.486981670673077,0.04306640625,0.73212890625,0.6890625,3.75,0.55986328125,0.04306640625,-0.516796875,0.648369832677165,"Hello"
"63","Track39.wav",0,1,1.55600059923035,2.21663940574435,0.751623798389192,0.492985190958691,1.63613925694986,1.14315406599117,0.302493370229448,0.243180944694262,0.349943310657596,0.106762365963334,7.1814939660283,68.472266573632,0.78151747149803,0.85456244362889,0.667855480182028,0.0673646565536313,0.47373046875,0.04306640625,0.64599609375,0.6029296875,4.28571428571429,0.21533203125,0.04306640625,-0.172265625,0.648369832677165,"Hello"
"64","Track40.wav",0,1,1.23444474065841,2.0919178854039,0.592814371257485,0.393989798181415,1.02095808383234,0.62696828565092,0.0884769735232222,0.0530861841139333,0.129766227834059,0.0766800437201259,8.53409515292778,92.9868017936706,0.747276223119893,0.854066173894301,0.638223344722191,0.0455150789252141,0.5225390625,0.04306640625,0.64599609375,0.6029296875,2.42857142857143,0.64599609375,0.04306640625,-0.6029296875,0.648369832677165,"Hello"
"65","Track41.wav",0,1,1.37306510335336,2.09906599426432,0.656918161710494,0.463627426886213,1.32870484148439,0.865077414598181,0.254520997732426,0.213087346938776,0.295954648526077,0.0828673015873016,6.5496953693038,53.508978055157,0.77138025311549,0.854170432629679,0.658890204525649,0.054712648544781,0.467104867788462,0.04306640625,0.64599609375,0.6029296875,5.14285714285714,0.04306640625,0.04306640625,0,0.648369832677165,"Hello"
"66","Track42.wav",0,1,1.4603895605476,2.21579212786686,0.693230613791362,0.444556706238949,1.48926496590048,1.04470825966153,0.342241180625256,0.306836920560574,0.389446860711498,0.0826099401509238,7.86483823294456,86.5335492477363,0.778253544516157,0.854384724869589,0.66492794051022,0.0519564505171884,0.433815262957317,0.04306640625,0.73212890625,0.6890625,4,0.04306640625,0.04306640625,0,0.648369832677165,"Hello"
"67","Track43.wav",0,1,1.16961586008276,2.0330694172338,0.576203893442623,0.395876024590164,0.94672131147541,0.550845286885246,0.100567271352986,0.065072940287226,0.141977324263039,0.0769043839758125,7.40697022992847,64.5312570508869,0.736504703334025,0.853733655163247,0.62877885242228,0.0431244949074471,0.455107157939189,0.04306640625,0.64599609375,0.6029296875,2.71428571428571,0.47373046875,0.04306640625,-0.4306640625,0.648369832677165,"Hello"
"68","Track44.wav",0,1,1.20216325906519,2.18691896355851,0.578144266337854,0.413686806411837,0.974876695437731,0.561189889025894,0.154919718729243,0.11916901440711,0.190670423051375,0.0715014086442658,7.72459483913239,75.7841937218604,0.735078166622344,0.854690562312288,0.628264371573937,0.0514390582551072,0.4689453125,0.04306640625,0.73212890625,0.6890625,4,0.04306640625,0.04306640625,0,0.561897914616142,"Hello"
"69","Track45.wav",0,1,2.51479650674225,4.79869087148065,0.550025001136415,0.274012455111596,1.24505659348152,0.971044138369926,0.0352941176470588,0.0176470588235294,0.0705882352941176,0.0529411764705882,9.73783979444951,139.00623815096,0.796378250884772,0.855404837683241,0.681225808432552,0.191740729660526,0.478263774671053,0.04306640625,0.64599609375,0.6029296875,1.57142857142857,0.64599609375,0.04306640625,-0.6029296875,0.561897914616142,"Hello"
"70","Track46.wav",0,1,1.55665794567113,2.31702088017512,0.722256473489519,0.467940813810111,1.61066584463625,1.14272503082614,0.220462676653153,0.160878169449598,0.262171831695641,0.101293662246043,8.06679629241138,89.5467304747765,0.777522506087266,0.855124968205623,0.66487890829703,0.0560647853325586,0.4651171875,0.04306640625,0.64599609375,0.6029296875,5.71428571428571,0.04306640625,0.04306640625,0,0.648369832677165,"Hello"
"71","Track47.wav",0,1,1.26845888092081,2.0832166362516,0.601981162715167,0.421565443325755,1.12357908411822,0.702013640792465,0.154862256959521,0.107212331741207,0.196555941525546,0.0893436097843393,8.18249239345467,85.226107086573,0.744725511514124,0.855921317998544,0.637426441362309,0.0363469480397107,0.47373046875,0.04306640625,0.73212890625,0.6890625,2.875,0.04306640625,0.47373046875,0.4306640625,0.648369832677165,"Hello"
"72","Track48.wav",0,1,1.43823078991176,2.28921812415164,0.64582397844634,0.43343062415806,1.42501122586439,0.991580601706331,0.396075938891372,0.342871708294023,0.437457007133754,0.0945852988397305,7.17435985260505,66.7941954110513,0.776979212253536,0.854767671424264,0.664136712003014,0.0518485325802084,0.467578125,0.04306640625,0.73212890625,0.6890625,3.5,0.55986328125,0.04306640625,-0.516796875,0.648369832677165,"Hello"
"73","Track49.wav",0,1,1.33934632087971,2.2580908466235,0.596027092140552,0.410018637210782,1.25405700259103,0.844038365380244,0.517647058823529,0.470588235294118,0.570588235294118,0.1,9.08934236790933,113.263944113626,0.769617952172934,0.856437337417713,0.659129549787861,0.0515654919522366,0.46962890625,0.04306640625,0.64599609375,0.6029296875,4.57142857142857,0.55986328125,0.04306640625,-0.516796875,0.561897914616142,"Hello"
"74","Track50.wav",0,1,1.35784597562028,2.13712958606414,0.652217239661186,0.430244145490782,1.2633283507723,0.833084205281515,0.178021127150047,0.136482864148369,0.225493427723393,0.0890105635750235,8.10975893791222,89.0208526124506,0.760179023771299,0.854282371937224,0.649407539524268,0.0430955406549289,0.501040872713415,0.04306640625,1.33505859375,1.2919921875,4.06666666666667,0.47373046875,0.04306640625,-0.4306640625,0.561897914616142,"Hello"
"75","Track51.wav",0,1,1.33049948147434,2.17437956353788,0.62921677911411,0.459812261660311,1.23423291287768,0.774420651217366,0.125169413919414,0.0894067242281528,0.178813448456306,0.0894067242281528,10.4137641199924,148.980956516316,0.746741876115416,0.854795693384511,0.638311739773328,0.0422558075408911,0.437674872819767,0.04306640625,0.64599609375,0.6029296875,4.28571428571429,0.04306640625,0.04306640625,0,0.561897914616142,"Hello"
"76","Track52.wav",0,1,1.26124171363201,1.95614916037377,0.62577399380805,0.40015479876161,1.22174922600619,0.821594427244582,0.114459561602419,0.0843386243386244,0.156628873771731,0.0722902494331066,7.45522078438128,73.2936618032496,0.746955993628353,0.857554953583923,0.640555812445195,0.0362443330710694,0.466130514705882,0.04306640625,1.16279296875,1.1197265625,2.61538461538462,0.21533203125,0.04306640625,-0.172265625,0.561897914616142,"Hello"
"77","Track53.wav",0,1,1.27094753074952,2.19737876783964,0.602054563826204,0.41495453014483,1.10963287302122,0.694678342876389,0.0771266601878847,0.0415297401011687,0.112723580274601,0.071193840173432,10.5930715004059,147.735645630545,0.726872380703945,0.854294766798416,0.620963270965687,0.0527959416522267,0.488580953663793,0.04306640625,0.99052734375,0.9474609375,2.72727272727273,0.21533203125,0.04306640625,-0.172265625,0.475425996555118,"Hello"
"78","Track54.wav",0,1,1.21394043413949,1.81453522149375,0.635290363752393,0.42996171027441,1.23899170389279,0.809029993618379,0.172153250188964,0.130599017384732,0.207771164021164,0.0771721466364323,7.30476138072878,70.8577455482525,0.751241774362082,0.855239981362874,0.64249200110444,0.0362377783972693,0.446530633223684,0.04306640625,0.64599609375,0.6029296875,3.71428571428571,0.21533203125,0.04306640625,-0.172265625,0.561897914616142,"Hello"
"79","Track89.wav",0,1,5.08161427364478,4.41736094621266,4.12077356557377,1.1890368852459,8.53035348360656,7.34131659836066,0.201134542705971,0.112398715041572,0.420016250944822,0.30761753590325,14.2869169163976,344.559719407774,0.912192488902955,0.856318603451563,0.781127398176384,0.269552338711447,1.65251953125,0.04306640625,17.70029296875,17.6572265625,3.79024390243902,1.16279296875,0.04306640625,-1.1197265625,0.216010242372047,"IceCream"
"80","Track90.wav",0,1,2.08254021610472,2.95663205065404,1.30830223880597,0.38222947761194,2.14458955223881,1.76236007462687,0.161952904238619,0.12596336996337,0.215937205651491,0.0899738356881214,18.4659796355857,451.93835608247,0.756131865074402,0.866884097659465,0.655478689566591,0.0817402636329835,0.319492641715116,0.04306640625,1.16279296875,1.1197265625,2,1.07666015625,0.04306640625,-1.03359375,0.216010242372047,"IceCream"
"81","Track91.wav",0,1,2.18977682483778,3.1081244128016,1.2270384965141,0.373446498939072,2.06395877538648,1.69051227644741,0.213820973934128,0.0475157719853618,0.27321568891583,0.225699916930469,20.7747128266092,564.967803689923,0.765478993894169,0.856270630675951,0.655457180870953,0.0522909951810778,1.67793344350962,0.04306640625,9.86220703125,9.819140625,3.01754385964912,0.21533203125,0.04306640625,-0.172265625,0.216010242372047,"IceCream"
"82","Track92.wav",0,1,3.52975376503668,3.93590201697602,1.86338123035474,0.532218230803772,5.37528064660979,4.84306241580602,0.171435854147012,0.0768505553072811,0.366518033003956,0.289667477696675,19.3133153864647,516.153829822214,0.84706148362392,0.856102981117132,0.725171861319939,0.0924098016441809,1.36262109375,0.04306640625,9.86220703125,9.819140625,4.55263157894737,1.33505859375,0.04306640625,-1.2919921875,0.388954078494095,"IceCream"
"83","Track93.wav",0,1,2.29851331364362,3.30474199274307,1.21223797780518,0.367909987669544,2.20915536374846,1.84124537607891,0.208545775212442,0.0595845072035548,0.262171831695641,0.202587324492086,19.3674218815811,515.723150760687,0.776607749019224,0.856429685178673,0.665109929999852,0.0657130367806527,1.65087890625,0.04306640625,11.15419921875,11.1111328125,3.10852713178295,0.30146484375,0.04306640625,-0.2583984375,0.388954078494095,"IceCream"
"84","Track94.wav",0,1,2.00578742540387,2.79887396888321,1.27038496514095,0.375113670809336,2.06562594725674,1.69051227644741,0.184123616443277,0.136607844457915,0.231639388428639,0.0950315439707236,20.5642906237684,575.894325029617,0.757507832330931,0.855519777228622,0.648062931964695,0.0277030265490952,0.940450127180233,0.04306640625,5.55556640625,5.5125,1.1875,5.55556640625,0.04306640625,-5.5125,0.388954078494095,"IceCream"
"85","Track95.wav",0,1,4.58884721599522,4.49901226811588,2.25070555032926,0.610536218250235,8.34744433991847,7.73690812166823,0.113586039226687,0.0358692755452697,0.286954204362157,0.251084928816888,19.7519819017002,514.070593653018,0.870150769917594,0.856946189480432,0.745672386554346,0.151323903661724,2.02737138856132,0.04306640625,11.58486328125,11.541796875,5.11194029850746,0.64599609375,0.04306640625,-0.6029296875,0.216010242372047,"IceCream"
"86","Track96.wav",0,1,4.49531456448937,4.36887396434237,2.49184273870019,0.87376303824552,7.78296335918695,6.90920032094143,0.2305702454895,0.118241151533077,0.402019915212462,0.283778763679385,15.5609085019978,360.734607166548,0.888662470027412,0.856725317648472,0.76133963691651,0.216104720089989,1.23532586348684,0.04306640625,14.25498046875,14.2119140625,3.20606060606061,1.16279296875,0.04306640625,-1.1197265625,0.388954078494095,"IceCream"
"87","Track97.wav",0,1,3.96331815347441,3.82389624387867,2.30278010033445,0.963419732441472,5.96101588628763,4.99759615384615,0.325467783485276,0.260374226788221,0.502995665386336,0.242621438598115,5.40595234409014,46.9747805106857,0.897884662021635,0.856038450234927,0.768623794566712,0.175928290672536,1.14222393889925,0.04306640625,8.13955078125,8.096484375,2.91489361702128,0.04306640625,0.04306640625,0,0.216010242372047,"IceCream"
"88","Track98.wav",0,1,3.27129642622089,3.84074767181931,1.56838021338506,0.512124151309408,4.86918040737148,4.35705625606208,0.212566286357063,0.100378524113057,0.401514096452229,0.301135572339172,12.77109408587,230.71726104345,0.849899903547413,0.856207185061464,0.72769040400034,0.117202199568571,0.852261513157895,0.04306640625,5.21103515625,5.16796875,3.08333333333333,0.12919921875,0.04306640625,-0.0861328125,0.388954078494095,"IceCream"
"89","Track99.wav",0,1,4.13895574780039,4.4322466632203,1.8090822310105,0.525023864721124,7.56834401563707,7.04332015091595,0.188235294117647,0.0764705882352941,0.364705882352941,0.288235294117647,20.5566020412455,572.560440473243,0.866958659644914,0.857201935688229,0.743158641209292,0.0996273073515624,1.8087890625,0.04306640625,11.06806640625,11.025,3.71875,1.24892578125,0.04306640625,-1.205859375,0.216010242372047,"IceCream"
"90","Track100.wav",0,1,2.09023719970475,3.58866263645629,0.646322971948446,0.183472327520849,1.75966641394996,1.57619408642911,0.0307546950404093,0.0123018780161637,0.0615093900808187,0.0492075120646549,16.5109924152969,340.490219519995,0.751096120449306,0.882048717143289,0.662503369493612,0.113741456300581,0.20384765625,0.04306640625,0.38759765625,0.34453125,1.5,0.21533203125,0.04306640625,-0.172265625,0.216010242372047,"IceCream"
"91","Track101.wav",0,1,2.22958536382224,3.32871606341866,1.17054881940013,0.347479259731972,1.91113592852585,1.56365666879387,0.184025888133031,0.0296815948601663,0.243389077853364,0.213707482993197,21.3147497820904,593.212948984052,0.762202842879215,0.856826852378138,0.653075862737867,0.0428883864969448,1.28337890625,0.04306640625,10.89580078125,10.852734375,1.85714285714286,5.12490234375,0.30146484375,-4.8234375,0.388954078494095,"IceCream"
"92","Track102.wav",0,1,4.46016234467815,4.38205480090178,2.47983791263095,1.03172563747776,7.75479343743823,6.72306779996047,0.265351909994767,0.153314436885865,0.442253183324612,0.288938746438746,16.4761406189437,419.426355431932,0.890719758323244,0.856708105851473,0.763086836997588,0.218487460748561,1.60407614511986,0.04306640625,11.06806640625,11.025,4.125,1.07666015625,0.04306640625,-1.03359375,0.388954078494095,"IceCream"
"93","Track103.wav",0,1,3.92981011613968,4.08509477400981,2.33810627755807,0.943042865584799,5.53425155688895,4.59120869130415,0.352941176470588,0.305882352941176,0.452941176470588,0.147058823529412,5.22970193731215,46.1964250104756,0.899570330332492,0.856812946514992,0.770763505329647,0.219454315463104,1.64513671875,0.04306640625,11.06806640625,11.025,3.7890625,1.16279296875,0.04306640625,-1.1197265625,0.216010242372047,"IceCream"
